run_id,scenario,stream,pass_no,name,label,status,api_seconds,error,elapsed_s,queue_s,exec_s,compile_s,planning_s,scanned_bytes,redshift_version,cache_hit,compute_type,server_status
dd2f,lake-parquet,0,1,lq3,dd2f.l1.lq3,FINISHED,19.820590992,,19.708337,0.0,18.338551,0.491144,0.449077,2152578,1.0.434008,False,primary,success
dd2f,lake-parquet,0,1,lq42,dd2f.l1.lq42,FINISHED,3.528768976,,3.371745,0.0,2.122941,0.434776,0.481719,3570072,1.0.434008,False,primary,success
dd2f,lake-parquet,0,1,lq52,dd2f.l1.lq52,FINISHED,2.368559132,,2.250532,0.0,1.474249,0.082433,0.45052,3403624,1.0.434008,False,primary,success
dd2f,lake-parquet,0,1,lq55,dd2f.l1.lq55,FINISHED,2.954546624,,2.831204,0.0,1.702737,0.300527,0.463607,3195012,1.0.434008,False,primary,success
dd2f,lake-parquet,0,1,lqst,dd2f.l1.lqst,FINISHED,18.908282101,,18.724451,0.0,17.343502,0.500483,0.451402,4608539188,1.0.434008,False,primary,success
dd2f,lake-parquet,0,1,lqcu,dd2f.l1.lqcu,FINISHED,7.123998411,,6.994396,0.0,5.654996,0.541258,0.430892,1176621288,1.0.434008,False,primary,success
dd2f,lake-parquet,0,2,lq3,dd2f.l2.lq3,FINISHED,17.935474901,,17.775058,0.0,17.120959,0.000579,0.433086,3346946,1.0.434008,False,primary,success
dd2f,lake-parquet,0,2,lq42,dd2f.l2.lq42,FINISHED,2.740118086,,2.56943,0.0,1.690021,0.188968,0.442586,3769832,1.0.434008,False,primary,success
dd2f,lake-parquet,0,2,lq52,dd2f.l2.lq52,FINISHED,2.43565107,,2.267822,0.0,1.484507,0.000591,0.549125,3216840,1.0.434008,False,primary,success
dd2f,lake-parquet,0,2,lq55,dd2f.l2.lq55,FINISHED,2.734826837,,2.626235,0.0,1.591756,0.14741,0.578284,3440196,1.0.434008,False,primary,success
dd2f,lake-parquet,0,2,lqst,dd2f.l2.lqst,FINISHED,18.362425079,,18.23694,0.0,17.362308,0.108656,0.465644,4608539188,1.0.434008,False,primary,success
dd2f,lake-parquet,0,2,lqcu,dd2f.l2.lqcu,FINISHED,6.287542206,,6.157529,0.0,5.174149,0.262933,0.545092,1176621320,1.0.434008,False,primary,success
dd2f,lake-parquet,0,3,lq3,dd2f.l3.lq3,FINISHED,18.322075776,,18.164485,0.0,17.534527,0.000568,0.425613,3195634,1.0.434008,False,primary,success
dd2f,lake-parquet,0,3,lq42,dd2f.l3.lq42,FINISHED,3.164872602,,2.921694,0.0,1.948718,0.000573,0.692126,3570072,1.0.434008,False,primary,success
dd2f,lake-parquet,0,3,lq52,dd2f.l3.lq52,FINISHED,2.367977317,,2.206512,0.0,1.520047,0.000599,0.451337,3365896,1.0.434008,False,primary,success
dd2f,lake-parquet,0,3,lq55,dd2f.l3.lq55,FINISHED,2.309361653,,2.157307,0.0,1.525318,0.000569,0.446886,3662548,1.0.434008,False,primary,success
dd2f,lake-parquet,0,3,lqst,dd2f.l3.lqst,FINISHED,20.214360514,,20.096145,0.0,19.183864,0.000531,0.666207,4608539188,1.0.434008,False,primary,success
dd2f,lake-parquet,0,3,lqcu,dd2f.l3.lqcu,FINISHED,6.233794865,,6.048392,0.0,5.406912,0.000546,0.430751,1175682392,1.0.434008,False,primary,success
