run_id,scenario,stream,pass_no,name,label,status,api_seconds,error
d3bd,lake-glue,0,1,lq3,d3bd.l1.lq3,FINISHED,18.509319674,
d3bd,lake-glue,0,1,lq42,d3bd.l1.lq42,FINISHED,15.812249116,
d3bd,lake-glue,0,1,lq52,d3bd.l1.lq52,FINISHED,3.839794606,
d3bd,lake-glue,0,1,lq55,d3bd.l1.lq55,FINISHED,14.876528821,
d3bd,lake-glue,0,1,lqst,d3bd.l1.lqst,FINISHED,15.960245461,
d3bd,lake-glue,0,1,lqcu,d3bd.l1.lqcu,FINISHED,17.481659367,
d3bd,lake-glue,0,2,lq3,d3bd.l2.lq3,FINISHED,2.766141551,
d3bd,lake-glue,0,2,lq42,d3bd.l2.lq42,FINISHED,3.319908423,
d3bd,lake-glue,0,2,lq52,d3bd.l2.lq52,FINISHED,2.902782944,
d3bd,lake-glue,0,2,lq55,d3bd.l2.lq55,FINISHED,3.454715067,
d3bd,lake-glue,0,2,lqst,d3bd.l2.lqst,FINISHED,14.905152752,
d3bd,lake-glue,0,2,lqcu,d3bd.l2.lqcu,FINISHED,8.542491018,
d3bd,lake-glue,0,3,lq3,d3bd.l3.lq3,FINISHED,2.58316247,
d3bd,lake-glue,0,3,lq42,d3bd.l3.lq42,FINISHED,3.168386372,
d3bd,lake-glue,0,3,lq52,d3bd.l3.lq52,FINISHED,2.992951552,
d3bd,lake-glue,0,3,lq55,d3bd.l3.lq55,FINISHED,3.180031548,
d3bd,lake-glue,0,3,lqst,d3bd.l3.lqst,FINISHED,14.980380421,
d3bd,lake-glue,0,3,lqcu,d3bd.l3.lqcu,FINISHED,8.220432336,
